<?xml version="1.0" encoding="UTF-8"?>
<!DOCTYPE hibernate-mapping PUBLIC
"-//Hibernate/Hibernate Mapping DTD 3.0//EN"
"http://hibernate.sourceforge.net/hibernate-mapping-3.0.dtd">

<hibernate-mapping package="hib.dto">
<class name="LenderDetail" table="LenderDetail25">
<id name="vehicleNO"/>
<property name="userId"/>
<property name="name" column="username"/>
<property name="vehicleModel"/>
<property name="rent"/>
<property name="condition" column="conditionofsource"/>
<property name="selfstart"/>
<property name="vehicleType"/>
<property name="fuelType"/>
<property name="address" column="useraddress"/>
<property name="pin"/>
<property name="contactNo"/>
</class>
</hibernate-mapping>

