<?xml version="1.0" encoding="UTF-8"?>
<!DOCTYPE hibernate-mapping PUBLIC "-//Hibernate/Hibernate Mapping DTD 3.0//EN"
"http://hibernate.sourceforge.net/hibernate-mapping-3.0.dtd">

<hibernate-mapping package="hib.dto">
<class name="SignupInformation" table="signupinformation">
<id name="contactNo" column="contactNo"/>
<property name="name" column="name"/>
<property name="userId" column="userId"/>
<property name="address" column="address"/>
<property name="addharNo" column="addharNo"/>
<property name="emailId" column="emaidId"/>
<property name="password" column="password"/>
<property name="ConfirmPassword" column="confirmpassword"/>
</class>
</hibernate-mapping>